{
  "$schema": "https://schema.management.azure.com/schemas/2019-04-01/deploymentParameters.json#",
  "contentVersion": "1.0.0.0",
  "parameters": {
    "groupName": {
      "value": ""
    },
    "groupLocation": {
      "value": ""
    },
    "appServiceName": {
      "value": ""
    },
    "appServicePlanName": {
      "value": ""
    },
    "appServicePlanLocation": {
      "value": ""
    },
    "appServicePlanSku": {
      "value": {
        "name": "S1",
        "tier": "Standard",
        "size": "S1",
        "family": "S",
        "capacity": 1
      }
    },
    "linuxFxVersion": {
      "value": ""
    },
    "appId": {
      "value": ""
    },
    "appSecret": {
      "value": ""
    },
    "appType": {
      "value": ""
    }
  }
}