{
  "$schema": "https://schema.management.azure.com/schemas/2019-04-01/deploymentTemplate.json#",
  "contentVersion": "1.0.0.0",
  "parameters": {
    "azureBotId": {
      "type": "string",
      "metadata": {
        "description": "The globally unique and immutable bot ID."
      }
    },
    "azureBotSku": {
      "type": "string",
      "defaultValue": "S1",
      "metadata": {
        "description": "The pricing tier of the Bot Service Registration. Allowed values are: F0, S1(default)."
      }
    },
    "azureBotRegion": {
      "type": "string",
      "defaultValue": "global",
      "metadata": {
        "description": "Specifies the location of the new AzureBot. Allowed values are: global(default), westeurope."
      }
    },
    "botEndpoint": {
      "type": "string",
      "defaultValue": "",
      "metadata": {
        "description": "Use to handle client messages, Such as https://<botappServiceName>.azurewebsites.net/api/messages."
      }
    },
    "appType": {
      "type": "string",
      "defaultValue": "MultiTenant",
      "allowedValues": [
        "MultiTenant",
        "SingleTenant",
        "UserAssignedMSI"
      ],
      "metadata": {
        "description": "Type of Bot Authentication. set as MicrosoftAppType in the Web App's Application Settings. Allowed values are: MultiTenant, SingleTenant, UserAssignedMSI. Defaults to \"MultiTenant\"."
      }
    },
    "appId": {
      "type": "string",
      "metadata": {
        "description": "Active Directory App ID or User-Assigned Managed Identity Client ID, set as MicrosoftAppId in the Web App's Application Settings."
      }
    },
    "UMSIName": {
      "type": "string",
      "defaultValue": "",
      "metadata": {
        "description": "The User-Assigned Managed Identity Resource used for the Bot's Authentication."
      }
    },
    "UMSIResourceGroupName": {
      "type": "string",
      "defaultValue": "",
      "metadata": {
        "description": "The User-Assigned Managed Identity Resource Group used for the Bot's Authentication."
      }
    },
    "tenantId": {
      "type": "string",
      "defaultValue": "[subscription().tenantId]",
      "metadata": {
        "description": "The Azure AD Tenant ID to use as part of the Bot's Authentication. Only used for SingleTenant and UserAssignedMSI app types. Defaults to \"Subscription Tenant ID\"."
      }
    }
  },
  "variables": {
    "botEndpoint": "[if(empty(parameters('botEndpoint')), concat('https://', parameters('azureBotId'), '.azurewebsites.net/api/messages'), parameters('botEndpoint'))]",
    "tenantId": "[if(empty(parameters('tenantId')), subscription().tenantId, parameters('tenantId'))]",
    "msiResourceId": "[if(empty(parameters('UMSIName')), '', concat(subscription().id, '/resourceGroups/', parameters('UMSIResourceGroupName'), '/providers/', 'Microsoft.ManagedIdentity/userAssignedIdentities/', parameters('UMSIName')))]",
    "appTypeDef": {
      "MultiTenant": {
        "tenantId": "",
        "msiResourceId": ""
      },
      "SingleTenant": {
        "tenantId": "[variables('tenantId')]",
        "msiResourceId": ""
      },
      "UserAssignedMSI": {
        "tenantId": "[variables('tenantId')]",
        "msiResourceId": "[variables('msiResourceId')]"
      }
    },
    "appType": {
      "tenantId": "[variables('appTypeDef')[parameters('appType')].tenantId]",
      "msiResourceId": "[variables('appTypeDef')[parameters('appType')].msiResourceId]"
    }
  },
  "resources": [
    {
      "apiVersion": "2021-05-01-preview",
      "type": "Microsoft.BotService/botServices",
      "name": "[parameters('azureBotId')]",
      "location": "[parameters('azureBotRegion')]",
      "kind": "azurebot",
      "sku": {
        "name": "[parameters('azureBotSku')]"
      },
      "properties": {
        "displayName": "[parameters('azureBotId')]",
        "iconUrl": "https://docs.botframework.com/static/devportal/client/images/bot-framework-default.png",
        "endpoint": "[variables('botEndpoint')]",
        "msaAppId": "[parameters('appId')]",
        "msaAppTenantId": "[variables('appType').tenantId]",
        "msaAppMSIResourceId": "[variables('appType').msiResourceId]",
        "msaAppType": "[parameters('appType')]",
        "luisAppIds": [],
        "schemaTransformationVersion": "1.3",
        "isCmekEnabled": false,
        "isIsolated": false
      },
      "dependsOn": []
    }
  ]
}